{
	"info": {
		"_postman_id": "f0ca4d0f-d044-4b6a-8b16-7d770ec4a7de",
		"name": "Testes api",
		"schema": "https://schema.getpostman.com/json/collection/v2.1.0/collection.json",
		"_exporter_id": "45380121",
		"_collection_link": "https://evaldo-9087004.postman.co/workspace/Evaldo's-Workspace~4de2d5cf-089e-47a9-85d9-56147a5cf9b2/collection/45380121-f0ca4d0f-d044-4b6a-8b16-7d770ec4a7de?action=share&source=collection_link&creator=45380121"
	},
	"item": [
		{
			"name": "https://postman-echo.com/get?foo1=bar1&foo2=bar2",
			"event": [
				{
					"listen": "test",
					"script": {
						"exec": [
							"// Validate that the response code should be 200",
							"pm.test(\"Status code is 200\", function () {",
							"    pm.response.to.have.status(200);",
							"});",
							"",
							"// Validate that the response is json object",
							"pm.test(\"Response is a json object\", function () {",
							"    pm.expect(pm.response.json()).to.be.an('object');",
							"});",
							"",
							"// Validate that the response has an arg object",
							"pm.test(\"Response to have 'arg' object\", function () {",
							"    pm.expect(pm.response.json()).to.have.property('args');",
							"});",
							"",
							"// Validate that the response has headers object",
							"pm.test(\"Response to have 'headers' object\", function () {",
							"    pm.expect(pm.response.json()).to.have.property('headers');",
							"});",
							"",
							"// Validate that the response has url property",
							"pm.test(\"Response to have 'url' property\", function () {",
							"    pm.expect(pm.response.json()).to.have.property('url');",
							"});",
							""
						],
						"type": "text/javascript",
						"packages": {}
					}
				}
			],
			"request": {
				"method": "GET",
				"header": [],
				"url": {
					"raw": "https://postman-echo.com/get?foo1=bar1&foo2=bar2",
					"protocol": "https",
					"host": [
						"postman-echo",
						"com"
					],
					"path": [
						"get"
					],
					"query": [
						{
							"key": "foo1",
							"value": "bar1"
						},
						{
							"key": "foo2",
							"value": "bar2"
						}
					]
				}
			},
			"response": []
		},
		{
			"name": "http://127.0.0.1:5000/events",
			"protocolProfileBehavior": {
				"disableBodyPruning": true
			},
			"request": {
				"method": "GET",
				"header": [],
				"body": {
					"mode": "raw",
					"raw": "",
					"options": {
						"raw": {
							"language": "json"
						}
					}
				},
				"url": {
					"raw": "http://127.0.0.1:5000/events",
					"protocol": "http",
					"host": [
						"127",
						"0",
						"0",
						"1"
					],
					"port": "5000",
					"path": [
						"events"
					]
				}
			},
			"response": []
		},
		{
			"name": "http://127.0.0.1:5000/events",
			"protocolProfileBehavior": {
				"disableBodyPruning": true
			},
			"request": {
				"method": "GET",
				"header": [],
				"body": {
					"mode": "raw",
					"raw": "",
					"options": {
						"raw": {
							"language": "json"
						}
					}
				},
				"url": {
					"raw": "http://127.0.0.1:5000/events",
					"protocol": "http",
					"host": [
						"127",
						"0",
						"0",
						"1"
					],
					"port": "5000",
					"path": [
						"events"
					]
				}
			},
			"response": []
		},
		{
			"name": "{{baseUrl}}/get?foo=bar&baz=value",
			"event": [
				{
					"listen": "test",
					"script": {
						"exec": [
							"// Validate that the response code should be 200\r",
							"pm.test(\"Response Code should be 200\", function () {\r",
							"    pm.response.to.have.status(200);\r",
							"});\r",
							"\r",
							"// Run validations on response headers like Content-Type\r",
							"pm.test(\"Content-Type should be JSON\", function () {\r",
							"    pm.expect(pm.response.headers.get('Content-Type')).to.eql('application/json; charset=utf-8');\r",
							"});\r",
							"\r",
							"const json = pm.response.json();\r",
							"\r",
							"// The response body, including individual attributes can be evaluated for correctness\r",
							"pm.test(\"`args` should contain the correct query params\", function () {\r",
							"    pm.expect(json.args).to.be.an('object');\r",
							"    pm.expect(json.args.foo).to.eql('bar');\r",
							"    pm.expect(json.args.baz).to.eql('value');\r",
							"});\r",
							"\r",
							"// Non-trivial data types like Dates can also be tested against\r",
							"pm.test(\"Date in the header should be valid\", function () {\r",
							"    const parsedDate = new Date(pm.response.headers.get('Date'));\r",
							"    pm.expect(parsedDate).to.be.a('date');\r",
							"});\r",
							""
						],
						"type": "text/javascript",
						"packages": {}
					}
				}
			],
			"request": {
				"method": "GET",
				"header": [],
				"url": {
					"raw": "{{baseUrl}}/get?foo=bar&baz=value",
					"host": [
						"{{baseUrl}}"
					],
					"path": [
						"get"
					],
					"query": [
						{
							"key": "foo",
							"value": "bar"
						},
						{
							"key": "baz",
							"value": "value"
						}
					]
				}
			},
			"response": []
		},
		{
			"name": "{{baseUrl}}/unregister",
			"event": [
				{
					"listen": "test",
					"script": {
						"exec": [
							"pm.test(\"Returns 200 OK status\", () => {",
							"    pm.response.to.have.status(200)",
							"})"
						],
						"type": "text/javascript",
						"packages": {}
					}
				}
			],
			"request": {
				"method": "POST",
				"header": [],
				"body": {
					"mode": "raw",
					"raw": "{\n    \"token\": \"{{token}}\"\n}",
					"options": {
						"raw": {
							"language": "json"
						}
					}
				},
				"url": {
					"raw": "{{baseUrl}}/unregister",
					"host": [
						"{{baseUrl}}"
					],
					"path": [
						"unregister"
					]
				}
			},
			"response": []
		},
		{
			"name": "{{baseUrl}}/my-name?token={{token}}",
			"event": [
				{
					"listen": "test",
					"script": {
						"exec": [
							"pm.test(\"A name is returned\", () => {",
							"    pm.expect(pm.response.json()).to.have.property('name');",
							"    pm.expect(pm.response.json().name).to.be.a('string');",
							"})"
						],
						"type": "text/javascript",
						"packages": {}
					}
				}
			],
			"protocolProfileBehavior": {
				"disableBodyPruning": true
			},
			"request": {
				"method": "GET",
				"header": [],
				"body": {
					"mode": "raw",
					"raw": "",
					"options": {
						"raw": {
							"language": "json"
						}
					}
				},
				"url": {
					"raw": "{{baseUrl}}/my-name?token={{token}}",
					"host": [
						"{{baseUrl}}"
					],
					"path": [
						"my-name"
					],
					"query": [
						{
							"key": "token",
							"value": "{{token}}"
						}
					]
				}
			},
			"response": []
		},
		{
			"name": "{{baseUrl}}/register",
			"event": [
				{
					"listen": "test",
					"script": {
						"exec": [
							"pm.test(\"An access token is returned\", () => {",
							"    pm.expect(pm.response.json()).to.have.property('token')",
							"    pm.expect(pm.response.json().token).to.be.a('string')",
							"    // Set the collection-scope \"token\" variable to the token received from the API",
							"    // This lets us use it in other requests",
							"    pm.collectionVariables.set('token', pm.response.json().token)",
							"})",
							""
						],
						"type": "text/javascript",
						"packages": {}
					}
				}
			],
			"request": {
				"method": "POST",
				"header": [],
				"url": {
					"raw": "{{baseUrl}}/register",
					"host": [
						"{{baseUrl}}"
					],
					"path": [
						"register"
					]
				}
			},
			"response": []
		},
		{
			"name": "{{baseUrl}}/unregister",
			"event": [
				{
					"listen": "test",
					"script": {
						"exec": [
							"pm.test(\"Returns 200 OK status\", () => {",
							"    pm.response.to.have.status(200)",
							"})"
						],
						"type": "text/javascript",
						"packages": {}
					}
				}
			],
			"request": {
				"method": "POST",
				"header": [],
				"body": {
					"mode": "raw",
					"raw": "{\n    \"token\": \"{{token}}\"\n}",
					"options": {
						"raw": {
							"language": "json"
						}
					}
				},
				"url": {
					"raw": "{{baseUrl}}/unregister",
					"host": [
						"{{baseUrl}}"
					],
					"path": [
						"unregister"
					]
				}
			},
			"response": []
		},
		{
			"name": "{{baseUrl}}/my-name?token={{token}}",
			"event": [
				{
					"listen": "test",
					"script": {
						"exec": [
							"pm.test(\"A name is returned\", () => {",
							"    pm.expect(pm.response.json()).to.have.property('name');",
							"    pm.expect(pm.response.json().name).to.be.a('string');",
							"})"
						],
						"type": "text/javascript",
						"packages": {}
					}
				}
			],
			"protocolProfileBehavior": {
				"disableBodyPruning": true
			},
			"request": {
				"method": "GET",
				"header": [],
				"body": {
					"mode": "raw",
					"raw": "",
					"options": {
						"raw": {
							"language": "json"
						}
					}
				},
				"url": {
					"raw": "{{baseUrl}}/my-name?token={{token}}",
					"host": [
						"{{baseUrl}}"
					],
					"path": [
						"my-name"
					],
					"query": [
						{
							"key": "token",
							"value": "{{token}}"
						}
					]
				}
			},
			"response": []
		},
		{
			"name": "{{baseUrl}}/register",
			"event": [
				{
					"listen": "test",
					"script": {
						"exec": [
							"pm.test(\"An access token is returned\", () => {",
							"    pm.expect(pm.response.json()).to.have.property('token')",
							"    pm.expect(pm.response.json().token).to.be.a('string')",
							"    // Set the collection-scope \"token\" variable to the token received from the API",
							"    // This lets us use it in other requests",
							"    pm.collectionVariables.set('token', pm.response.json().token)",
							"})",
							""
						],
						"type": "text/javascript",
						"packages": {}
					}
				}
			],
			"request": {
				"method": "POST",
				"header": [],
				"url": {
					"raw": "{{baseUrl}}/register",
					"host": [
						"{{baseUrl}}"
					],
					"path": [
						"register"
					]
				}
			},
			"response": []
		},
		{
			"name": "https://postman-echo.com/get?foo1=bar1&foo2=bar2",
			"event": [
				{
					"listen": "test",
					"script": {
						"exec": [
							"// Validate that the response code should be 200",
							"pm.test(\"Status code is 200\", function () {",
							"    pm.response.to.have.status(200);",
							"});",
							"",
							"// Validate that the response is json object",
							"pm.test(\"Response is a json object\", function () {",
							"    pm.expect(pm.response.json()).to.be.an('object');",
							"});",
							"",
							"// Validate that the response has an arg object",
							"pm.test(\"Response to have 'arg' object\", function () {",
							"    pm.expect(pm.response.json()).to.have.property('args');",
							"});",
							"",
							"// Validate that the response has headers object",
							"pm.test(\"Response to have 'headers' object\", function () {",
							"    pm.expect(pm.response.json()).to.have.property('headers');",
							"});",
							"",
							"// Validate that the response has url property",
							"pm.test(\"Response to have 'url' property\", function () {",
							"    pm.expect(pm.response.json()).to.have.property('url');",
							"});",
							""
						],
						"type": "text/javascript",
						"packages": {}
					}
				}
			],
			"request": {
				"method": "GET",
				"header": [],
				"url": {
					"raw": "https://postman-echo.com/get?foo1=bar1&foo2=bar2",
					"protocol": "https",
					"host": [
						"postman-echo",
						"com"
					],
					"path": [
						"get"
					],
					"query": [
						{
							"key": "foo1",
							"value": "bar1"
						},
						{
							"key": "foo2",
							"value": "bar2"
						}
					]
				}
			},
			"response": []
		},
		{
			"name": "http://127.0.0.1:5000/events/225ad7a3-ec57-4875-aa8b-9cf1b412e24e",
			"request": {
				"method": "DELETE",
				"header": [],
				"body": {
					"mode": "raw",
					"raw": "{\r\n    \"date\": \"2025-06-15\",\r\n    \"location\": \"Auditorio da PUC Contagem\",\r\n    \"name\": \"Apresentação Grupo\",\r\n    \"price\": 0.0\r\n}",
					"options": {
						"raw": {
							"language": "json"
						}
					}
				},
				"url": {
					"raw": "http://127.0.0.1:5000/events/225ad7a3-ec57-4875-aa8b-9cf1b412e24e",
					"protocol": "http",
					"host": [
						"127",
						"0",
						"0",
						"1"
					],
					"port": "5000",
					"path": [
						"events",
						"225ad7a3-ec57-4875-aa8b-9cf1b412e24e"
					]
				}
			},
			"response": []
		},
		{
			"name": "http://127.0.0.1:5000/events",
			"protocolProfileBehavior": {
				"disableBodyPruning": true
			},
			"request": {
				"method": "GET",
				"header": [],
				"body": {
					"mode": "raw",
					"raw": "{\r\n    \"date\": \"2025-06-15\",\r\n    \"location\": \"Auditorio da PUC Contagem\",\r\n    \"name\": \"Apresentação Grupo\",\r\n    \"price\": 0.0\r\n}",
					"options": {
						"raw": {
							"language": "json"
						}
					}
				},
				"url": {
					"raw": "http://127.0.0.1:5000/events",
					"protocol": "http",
					"host": [
						"127",
						"0",
						"0",
						"1"
					],
					"port": "5000",
					"path": [
						"events"
					]
				}
			},
			"response": []
		},
		{
			"name": "http://127.0.0.1:5000/events/c3fe1d55-1819-40e4-bc69-b53db456bfe5",
			"request": {
				"method": "PUT",
				"header": [],
				"body": {
					"mode": "raw",
					"raw": "{\r\n    \"date\": \"2025-06-15\",\r\n    \"location\": \"Auditorio da PUC Contagem\",\r\n    \"name\": \"Apresentação Grupo\",\r\n    \"price\": 0.0\r\n}",
					"options": {
						"raw": {
							"language": "json"
						}
					}
				},
				"url": {
					"raw": "http://127.0.0.1:5000/events/c3fe1d55-1819-40e4-bc69-b53db456bfe5",
					"protocol": "http",
					"host": [
						"127",
						"0",
						"0",
						"1"
					],
					"port": "5000",
					"path": [
						"events",
						"c3fe1d55-1819-40e4-bc69-b53db456bfe5"
					]
				}
			},
			"response": []
		},
		{
			"name": "http://127.0.0.1:5000/events/c3fe1d55-1819-40e4-bc69-b53db456bfe5",
			"protocolProfileBehavior": {
				"disableBodyPruning": true
			},
			"request": {
				"method": "GET",
				"header": [],
				"body": {
					"mode": "raw",
					"raw": "",
					"options": {
						"raw": {
							"language": "json"
						}
					}
				},
				"url": {
					"raw": "http://127.0.0.1:5000/events/c3fe1d55-1819-40e4-bc69-b53db456bfe5",
					"protocol": "http",
					"host": [
						"127",
						"0",
						"0",
						"1"
					],
					"port": "5000",
					"path": [
						"events",
						"c3fe1d55-1819-40e4-bc69-b53db456bfe5"
					]
				}
			},
			"response": []
		},
		{
			"name": "http://127.0.0.1:5000/events",
			"request": {
				"method": "POST",
				"header": [],
				"body": {
					"mode": "raw",
					"raw": "{\r\n  \"name\": \"Show Metallica\",\r\n  \"location\": \"Estadio Mineirão\",\r\n  \"date\": \"2025-06-30\",\r\n  \"price\": 350.00\r\n}",
					"options": {
						"raw": {
							"language": "json"
						}
					}
				},
				"url": {
					"raw": "http://127.0.0.1:5000/events",
					"protocol": "http",
					"host": [
						"127",
						"0",
						"0",
						"1"
					],
					"port": "5000",
					"path": [
						"events"
					]
				}
			},
			"response": []
		},
		{
			"name": "http://127.0.0.1:5000/checkin",
			"request": {
				"method": "POST",
				"header": [],
				"body": {
					"mode": "raw",
					"raw": "{\r\n    \"event_id\": \"c3fe1d55-1819-40e4-bc69-b53db456bfe5\",\r\n    \"cliente_id\": \"cliente100\",\r\n    \"name\": \"Tião\"\r\n}",
					"options": {
						"raw": {
							"language": "json"
						}
					}
				},
				"url": {
					"raw": "http://127.0.0.1:5000/checkin",
					"protocol": "http",
					"host": [
						"127",
						"0",
						"0",
						"1"
					],
					"port": "5000",
					"path": [
						"checkin"
					]
				}
			},
			"response": []
		},
		{
			"name": "http://127.0.0.1:5000/events/c3fe1d55-1819-40e4-bc69-b53db456bfe5",
			"protocolProfileBehavior": {
				"disableBodyPruning": true
			},
			"request": {
				"method": "GET",
				"header": [],
				"body": {
					"mode": "raw",
					"raw": "",
					"options": {
						"raw": {
							"language": "json"
						}
					}
				},
				"url": {
					"raw": "http://127.0.0.1:5000/events/c3fe1d55-1819-40e4-bc69-b53db456bfe5",
					"protocol": "http",
					"host": [
						"127",
						"0",
						"0",
						"1"
					],
					"port": "5000",
					"path": [
						"events",
						"c3fe1d55-1819-40e4-bc69-b53db456bfe5"
					]
				}
			},
			"response": []
		},
		{
			"name": "http://127.0.0.1:5000/events/225ad7a3-ec57-4875-aa8b-9cf1b412e24e",
			"protocolProfileBehavior": {
				"disableBodyPruning": true
			},
			"request": {
				"method": "GET",
				"header": [],
				"body": {
					"mode": "raw",
					"raw": "",
					"options": {
						"raw": {
							"language": "json"
						}
					}
				},
				"url": {
					"raw": "http://127.0.0.1:5000/events/225ad7a3-ec57-4875-aa8b-9cf1b412e24e",
					"protocol": "http",
					"host": [
						"127",
						"0",
						"0",
						"1"
					],
					"port": "5000",
					"path": [
						"events",
						"225ad7a3-ec57-4875-aa8b-9cf1b412e24e"
					]
				}
			},
			"response": []
		},
		{
			"name": "http://127.0.0.1:5000/events",
			"protocolProfileBehavior": {
				"disableBodyPruning": true
			},
			"request": {
				"method": "GET",
				"header": [],
				"body": {
					"mode": "raw",
					"raw": "",
					"options": {
						"raw": {
							"language": "json"
						}
					}
				},
				"url": {
					"raw": "http://127.0.0.1:5000/events",
					"protocol": "http",
					"host": [
						"127",
						"0",
						"0",
						"1"
					],
					"port": "5000",
					"path": [
						"events"
					]
				}
			},
			"response": []
		}
	]
}